"","concept","source_code","source_description"
"0"," Deep vein thrombosis","I80.1","Phlebitis and thrombophlebitis of femoral vein"
"1"," Deep vein thrombosis","I80.2","Phlebitis and thrombophlebitis of other deep vessels of lower extremities"
"2"," Deep vein thrombosis","I80.3","Phlebitis and thrombophlebitis of lower extremities, unspecified"
"3"," Deep vein thrombosis","I82.2","Embolism and thrombosis of vena cava"
"4"," Deep vein thrombosis","M79.6","Pain in limb"
"5"," Deep vein thrombosis","M79.8","Other specified soft tissue disorders"
"0"," Pleural effusions","J93.0","Spontaneous tension pneumothorax"
"1"," Pleural effusions","J93.1","Other spontaneous pneumothorax"
"2"," Pleural effusions","J93.8","Other pneumothorax"
"3"," Pleural effusions","J93.9","Pneumothorax, unspecified"
"0"," Pneumothorax","C78.2","Secondary malignant neoplasm of pleura"
"1"," Pneumothorax","J11.1","Influenza with other respiratory manifestations, virus not identified"
"2"," Pneumothorax","J90.X","Pleural effusion, not elsewhere classified"
"3"," Pneumothorax","J91.X","Pleural effusion, not elsewhere classified"
"4"," Pneumothorax","J94.0","Chylous effusion"
"5"," Pneumothorax","J94.8","Other specified pleural conditions"
"0"," Coronary obstructive pulmonary disease (COPD)","J21.0","Acute bronchiolitis due to respiratory syncytial virus"
"1"," Coronary obstructive pulmonary disease (COPD)","J21.1","Acute bronchiolitis due to respiratory syncytial virus"
"2"," Coronary obstructive pulmonary disease (COPD)","J21.8","Acute bronchiolitis due to other specified organisms"
"3"," Coronary obstructive pulmonary disease (COPD)","J21.9","Acute bronchiolitis, unspecified"
"4"," Coronary obstructive pulmonary disease (COPD)","J40.X","Bronchitis, not specified as acute or chronic"
"5"," Coronary obstructive pulmonary disease (COPD)","J41.0","Simple chronic bronchitis"
"6"," Coronary obstructive pulmonary disease (COPD)","J42.X","Unspecified chronic bronchitis"
"7"," Coronary obstructive pulmonary disease (COPD)","J43.1","Panlobular emphysema"
"8"," Coronary obstructive pulmonary disease (COPD)","J43.2","Centrilobular emphysema"
"9"," Coronary obstructive pulmonary disease (COPD)","J43.8","Other emphysema"
"10"," Coronary obstructive pulmonary disease (COPD)","J43.9","Emphysema, unspecified"
"11"," Coronary obstructive pulmonary disease (COPD)","J44.0","Chronic obstructive pulmonary disease with acute lower respiratory infection"
"12"," Coronary obstructive pulmonary disease (COPD)","J44.1","Chronic obstructive pulmonary disease with acute exacerbation, unspecified"
"13"," Coronary obstructive pulmonary disease (COPD)","J44.8","Other specified chronic obstructive pulmonary disease"
"14"," Coronary obstructive pulmonary disease (COPD)","J44.9","Chronic obstructive pulmonary disease, unspecified"
"0","Asthma ","J45.0","Predominantly allergic asthma"
"1","Asthma ","J45.1","Nonallergic asthma"
"2","Asthma ","J45.8","Mixed asthma"
"3","Asthma ","J45.9","Asthma, unspecified"
"0"," Lower respiratory tract infections","J20.0","Acute bronchitis due to Mycoplasma pneumoniae"
"1"," Lower respiratory tract infections","J20.1","Acute bronchitis due to Haemophilus influenzae"
"2"," Lower respiratory tract infections","J20.2","Acute bronchitis due to streptococcus"
"3"," Lower respiratory tract infections","J20.3","Acute bronchitis due to coxsackievirus"
"4"," Lower respiratory tract infections","J20.4","Acute bronchitis due to parainfluenza virus"
"5"," Lower respiratory tract infections","J20.5","Acute bronchitis due to respiratory syncytial virus"
"6"," Lower respiratory tract infections","J20.6","Acute bronchitis due to rhinovirus"
"7"," Lower respiratory tract infections","J20.7","Acute bronchitis due to echovirus"
"8"," Lower respiratory tract infections","J20.8","Acute bronchitis due to other specified organisms"
"9"," Lower respiratory tract infections","J20.9","Acute bronchitis, unspecified"
"10"," Lower respiratory tract infections","J22.X","Unspecified acute lower respiratory infection"
"0"," Congestive cardiac failure","I11.0","Hypertensive heart disease with (congestive) heart failure"
"1"," Congestive cardiac failure","I13.0","Hypertensive heart and renal disease with (congestive) heart failure"
"2"," Congestive cardiac failure","I13.2","Hypertensive heart and renal disease with both (congestive) heart failure and renal failure"
"3"," Congestive cardiac failure","I50.0","Congestive heart failure"
"4"," Congestive cardiac failure","I50.1","Left ventricular failure"
"5"," Congestive cardiac failure","I50.9","Heart failure, unspecified"
"0"," Other respiratory conditions","E66.2","Extreme obesity with alveolar hypoventilation"
"1"," Other respiratory conditions","J80.X","Adult respiratory distress syndrome"
"2"," Other respiratory conditions","J84.0","Alveolar and parietoalveolar conditions"
"3"," Other respiratory conditions","J84.1","Other interstitial pulmonary diseases with fibrosis"
"4"," Other respiratory conditions","J84.8","Other specified interstitial pulmonary diseases"
"5"," Other respiratory conditions","J84.9","Interstitial pulmonary disease, unspecified"
"6"," Other respiratory conditions","J96.0","Acute respiratory failure"
"7"," Other respiratory conditions","J96.00","Acute respiratory failure"
"8"," Other respiratory conditions","J96.01","Acute respiratory failure"
"9"," Other respiratory conditions","J96.09","Acute respiratory failure"
"10"," Other respiratory conditions","J96.1","Chronic respiratory failure"
"11"," Other respiratory conditions","J96.10","Chronic respiratory failure"
"12"," Other respiratory conditions","J96.11","Chronic respiratory failure"
"13"," Other respiratory conditions","J96.19","Chronic respiratory failure"
"14"," Other respiratory conditions","J96.9","Respiratory failure, unspecified"
"15"," Other respiratory conditions","J96.90","Respiratory failure, unspecified"
"16"," Other respiratory conditions","J96.91","Respiratory failure, unspecified"
"17"," Other respiratory conditions","J96.99","Respiratory failure, unspecified"
"18"," Other respiratory conditions","J98.0","Diseases of bronchus, not elsewhere classified"
"19"," Other respiratory conditions","J98.1","Pulmonary collapse"
"20"," Other respiratory conditions","J98.4","Other disorders of lung"
"21"," Other respiratory conditions","J98.6","Disorders of diaphragm"
"22"," Other respiratory conditions","J98.8","Other specified respiratory disorders"
"23"," Other respiratory conditions","J98.9","Respiratory disorder, unspecified"
"24"," Other respiratory conditions","J99.8","Respiratory disorders in other diffuse connective tissue disorders"
"25"," Other respiratory conditions","Q34.0","Anomaly of pleura"
"26"," Other respiratory conditions","R04.2","Haemoptysis"
"27"," Other respiratory conditions","R04.8","Haemorrhage from other sites in respiratory passages"
"28"," Other respiratory conditions","R04.9","Haemorrhage from respiratory passages, unspecified"
"29"," Other respiratory conditions","R05.X","Cough"
"30"," Other respiratory conditions","R06.0","Dyspnoea"
"31"," Other respiratory conditions","R06.2","Wheezing"
"32"," Other respiratory conditions","R06.4","Hyperventilation"
"33"," Other respiratory conditions","R09.8","Other specified symptoms and signs involving the circulatory and respiratory systems"
"0"," Low risk chest pain","I20.1","Angina pectoris with documented spasm"
"1"," Low risk chest pain","I20.8","Other forms of angina pectoris"
"2"," Low risk chest pain","I20.9","Angina pectoris, unspecified"
"3"," Low risk chest pain","I24.1","Dressler's syndrome"
"4"," Low risk chest pain","I24.8","Other forms of acute ischaemic heart disease"
"5"," Low risk chest pain","I24.9","Acute ischaemic heart disease, unspecified"
"6"," Low risk chest pain","I25.0","Atherosclerotic cardiovascular disease, so described"
"7"," Low risk chest pain","I25.1","Atherosclerotic heart disease"
"8"," Low risk chest pain","I25.2","Old myocardial infarction"
"9"," Low risk chest pain","I25.6","Silent myocardial ischaemia"
"10"," Low risk chest pain","I25.8","Other forms of chronic ischaemic heart disease"
"11"," Low risk chest pain","I25.9","Chronic ischaemic heart disease, unspecified"
"12"," Low risk chest pain","M94.0","Chondrocostal junction syndrome [Tietze]"
"13"," Low risk chest pain","M94.1","Relapsing polychondritis"
"14"," Low risk chest pain","R01.1","Cardiac murmur, unspecified"
"15"," Low risk chest pain","R01.2","Other cardiac sounds"
"16"," Low risk chest pain","R07.2","Precordial pain"
"17"," Low risk chest pain","R07.3","Other chest pain"
"18"," Low risk chest pain","R07.4","Chest pain, unspecified"
"19"," Low risk chest pain","R09.1","Pleurisy"
"20"," Low risk chest pain","Z03.4","Observation for suspected myocardial infarction"
"21"," Low risk chest pain","Z03.5","Observation for other suspected cardiovascular diseases"
"0","Supraventricular tachycardias & other unspecified tachycardias","I44.0","Atrioventricular block, first degree"
"1","Supraventricular tachycardias & other unspecified tachycardias","I44.1","Atrioventricular block, second degree"
"2","Supraventricular tachycardias & other unspecified tachycardias","I44.4","Left anterior fascicular block"
"3","Supraventricular tachycardias & other unspecified tachycardias","I44.5","Left posterior fascicular block"
"4","Supraventricular tachycardias & other unspecified tachycardias","I44.6","Other and unspecified fascicular block"
"5","Supraventricular tachycardias & other unspecified tachycardias","I44.7","Left bundle-branch block, unspecified"
"6","Supraventricular tachycardias & other unspecified tachycardias","I45.0","Right fascicular block"
"7","Supraventricular tachycardias & other unspecified tachycardias","I45.1","Other and unspecified right bundle-branch block"
"8","Supraventricular tachycardias & other unspecified tachycardias","I45.2","Bifascicular block"
"9","Supraventricular tachycardias & other unspecified tachycardias","I45.3","Trifascicular block"
"10","Supraventricular tachycardias & other unspecified tachycardias","I45.4","Nonspecific intraventricular block"
"11","Supraventricular tachycardias & other unspecified tachycardias","I45.5","Other specified heart block"
"12","Supraventricular tachycardias & other unspecified tachycardias","I45.6","Pre-excitation syndrome"
"13","Supraventricular tachycardias & other unspecified tachycardias","I45.8","Other specified conduction disorders"
"14","Supraventricular tachycardias & other unspecified tachycardias","I45.9","Conduction disorder, unspecified"
"15","Supraventricular tachycardias & other unspecified tachycardias","I47.1","Supraventricular tachycardia"
"16","Supraventricular tachycardias & other unspecified tachycardias","I47.9","Paroxysmal tachycardia, unspecified"
"17","Supraventricular tachycardias & other unspecified tachycardias","I48.0","Paroxysmal tachycardia, unspecified"
"18","Supraventricular tachycardias & other unspecified tachycardias","I48.1","Paroxysmal tachycardia, unspecified"
"19","Supraventricular tachycardias & other unspecified tachycardias","I48.2","Paroxysmal tachycardia, unspecified"
"20","Supraventricular tachycardias & other unspecified tachycardias","I48.3","Paroxysmal tachycardia, unspecified"
"21","Supraventricular tachycardias & other unspecified tachycardias","I48.4","Paroxysmal tachycardia, unspecified"
"22","Supraventricular tachycardias & other unspecified tachycardias","I48.9","Paroxysmal tachycardia, unspecified"
"23","Supraventricular tachycardias & other unspecified tachycardias","I49.1","Atrial premature depolarization"
"24","Supraventricular tachycardias & other unspecified tachycardias","I49.2","Junctional premature depolarization"
"25","Supraventricular tachycardias & other unspecified tachycardias","I49.4","Other and unspecified premature depolarization"
"26","Supraventricular tachycardias & other unspecified tachycardias","I49.5","Sick sinus syndrome"
"27","Supraventricular tachycardias & other unspecified tachycardias","I49.8","Other specified cardiac arrhythmias"
"28","Supraventricular tachycardias & other unspecified tachycardias","I49.9","Cardiac arrhythmia, unspecified"
"29","Supraventricular tachycardias & other unspecified tachycardias","R00.0","Tachycardia, unspecified"
"30","Supraventricular tachycardias & other unspecified tachycardias","R00.1","Bradycardia, unspecified"
"31","Supraventricular tachycardias & other unspecified tachycardias","R00.2","Palpitations"
"32","Supraventricular tachycardias & other unspecified tachycardias","R00.8","Other and unspecified abnormalities of heart beat"
"0","First seizure","R56.8","Other and unspecified convulsions"
"0","Transient ischaemic attack","G45.0","Vertebro-basilar artery syndrome"
"1","Transient ischaemic attack","G45.1","Carotid artery syndrome (hemispheric)"
"2","Transient ischaemic attack","G45.2","Multiple and bilateral precerebral artery syndromes"
"3","Transient ischaemic attack","G45.3","Amaurosis fugax"
"4","Transient ischaemic attack","G45.4","Transient global amnesia"
"5","Transient ischaemic attack","G45.8","Other transient cerebral ischaemic attacks and related syndromes"
"6","Transient ischaemic attack","G45.9","Transient cerebral ischaemic attack, unspecified"
"0","Acute  headache","G43.0","Migraine without aura [common migraine]"
"1","Acute  headache","G43.1","Migraine with aura [classical migraine]"
"2","Acute  headache","G43.2","Status migrainosus"
"3","Acute  headache","G43.3","Complicated migraine"
"4","Acute  headache","G43.8","Other migraine"
"5","Acute  headache","G43.9","Migraine, unspecified"
"6","Acute  headache","G44.0","Cluster headache syndrome"
"7","Acute  headache","G44.1","Vascular headache, not elsewhere classified"
"8","Acute  headache","G44.3","Chronic post-traumatic headache"
"9","Acute  headache","G44.4","Drug-induced headache, not elsewhere classified"
"10","Acute  headache","G44.8","Other specified headache syndromes"
"11","Acute  headache","G97.1","Other reaction to spinal and lumbar puncture"
"12","Acute  headache","R51.X","Headache"
"0"," Gastroenteritis","A02.0","Salmonella enteritis"
"1"," Gastroenteritis","A02.2","Localized salmonella infections"
"2"," Gastroenteritis","A02.8","Other specified salmonella infections"
"3"," Gastroenteritis","A02.9","Salmonella infection, unspecified"
"4"," Gastroenteritis","A04.4","Other intestinal Escherichia coli infections"
"5"," Gastroenteritis","A04.5","Campylobacter enteritis"
"6"," Gastroenteritis","A04.6","Enteritis due to Yersinia enterocolitica"
"7"," Gastroenteritis","A04.8","Other specified bacterial intestinal infections"
"8"," Gastroenteritis","A04.9","Bacterial intestinal infection, unspecified"
"9"," Gastroenteritis","A05.4","Foodborne Bacillus cereus intoxication"
"10"," Gastroenteritis","A05.8","Other specified bacterial foodborne intoxications"
"11"," Gastroenteritis","A05.9","Bacterial foodborne intoxication, unspecified"
"12"," Gastroenteritis","A07.1","Giardiasis [lambliasis]"
"13"," Gastroenteritis","A07.2","Cryptosporidiosis"
"14"," Gastroenteritis","A08.0","Rotaviral enteritis"
"15"," Gastroenteritis","A08.1","Acute gastroenteropathy due to Norwalk agent"
"16"," Gastroenteritis","A08.2","Adenoviral enteritis"
"17"," Gastroenteritis","A08.3","Other viral enteritis"
"18"," Gastroenteritis","A08.4","Viral intestinal infection, unspecified"
"19"," Gastroenteritis","A08.5","Other specified intestinal infections"
"20"," Gastroenteritis","A09.0","Diarrhoea and gastroenteritis of presumed infectious origin"
"21"," Gastroenteritis","A09.9","Diarrhoea and gastroenteritis of presumed infectious origin"
"22"," Gastroenteritis","K52.0","Gastroenteritis and colitis due to radiation"
"23"," Gastroenteritis","K52.1","Toxic gastroenteritis and colitis"
"24"," Gastroenteritis","K52.2","Allergic and dietetic gastroenteritis and colitis"
"25"," Gastroenteritis","K52.8","Other specified noninfective gastroenteritis and colitis"
"26"," Gastroenteritis","K52.9","Noninfective gastroenteritis and colitis, unspecified"
"0"," Upper gastro-intestinal haemorrhage","K20.X","Oesophagitis"
"1"," Upper gastro-intestinal haemorrhage","K21.0","Gastro-oesophageal reflux disease with oesophagitis"
"2"," Upper gastro-intestinal haemorrhage","K21.9","Gastro-oesophageal reflux disease without oesophagitis"
"3"," Upper gastro-intestinal haemorrhage","K22.1","Ulcer of oesophagus"
"4"," Upper gastro-intestinal haemorrhage","K22.6","Gastro-oesophageal laceration-haemorrhage syndrome"
"5"," Upper gastro-intestinal haemorrhage","K25.0","Gastric ulcer; Acute with haemorrhage"
"6"," Upper gastro-intestinal haemorrhage","K25.4","Gastric ulcer; Chronic or unspecified with haemorrhage"
"7"," Upper gastro-intestinal haemorrhage","K25.6","Gastric ulcer; Chronic or unspecified with both haemorrhage and perforation"
"8"," Upper gastro-intestinal haemorrhage","K26.0","Duodenal ulcer; Acute with haemorrhage"
"9"," Upper gastro-intestinal haemorrhage","K26.4","Duodenal ulcer; Chronic or unspecified with haemorrhage"
"10"," Upper gastro-intestinal haemorrhage","K26.6","Duodenal ulcer; Chronic or unspecified with both haemorrhage and perforation"
"11"," Upper gastro-intestinal haemorrhage","K27.0","Peptic ulcer, site unspecified; Acute with haemorrhage"
"12"," Upper gastro-intestinal haemorrhage","K27.4","Peptic ulcer, site unspecified; Chronic or unspecified with haemorrhage"
"13"," Upper gastro-intestinal haemorrhage","K27.6","Peptic ulcer, site unspecified; Chronic or unspecified with both haemorrhage and perforation"
"14"," Upper gastro-intestinal haemorrhage","K28.0","Gastrojejunal ulcer; Acute with haemorrhage"
"15"," Upper gastro-intestinal haemorrhage","K28.4","Gastrojejunal ulcer; Chronic or unspecified with haemorrhage"
"16"," Upper gastro-intestinal haemorrhage","K28.6","Gastrojejunal ulcer; Chronic or unspecified with both haemorrhage and perforation"
"17"," Upper gastro-intestinal haemorrhage","K92.0","Haematemesis"
"18"," Upper gastro-intestinal haemorrhage","K92.1","Melaena"
"19"," Upper gastro-intestinal haemorrhage","K92.2","Gastrointestinal haemorrhage, unspecified"
"0"," Abnormal liver function","C22.0","Malignant neoplasm: Liver cell carcinoma"
"1"," Abnormal liver function","C22.1","Malignant neoplasm: Intrahepatic bile duct carcinoma"
"2"," Abnormal liver function","C22.2","Malignant neoplasm: Hepatoblastoma"
"3"," Abnormal liver function","C23.X","Malignant neoplasm of gallbladder"
"4"," Abnormal liver function","C22.3","Malignant neoplasm: Angiosarcoma of liver"
"5"," Abnormal liver function","C22.4","Malignant neoplasm: Other sarcomas of liver"
"6"," Abnormal liver function","C22.7","Malignant neoplasm: Other specified carcinomas of liver"
"7"," Abnormal liver function","C22.9","Malignant neoplasm: Liver, unspecified"
"8"," Abnormal liver function","C24.0","Malignant neoplasm: Extrahepatic bile duct"
"9"," Abnormal liver function","C24.1","Malignant neoplasm: Ampulla of Vater"
"10"," Abnormal liver function","C24.8","Malignant neoplasm: Overlapping lesion of biliary tract"
"11"," Abnormal liver function","C24.9","Malignant neoplasm: Biliary tract, unspecified"
"12"," Abnormal liver function","C25.0","Malignant neoplasm: Head of pancreas"
"13"," Abnormal liver function","C25.1","Malignant neoplasm: Body of pancreas"
"14"," Abnormal liver function","C25.2","Malignant neoplasm: Tail of pancreas"
"15"," Abnormal liver function","C25.3","Malignant neoplasm: Pancreatic duct"
"16"," Abnormal liver function","C25.4","Malignant neoplasm: Endocrine pancreas"
"17"," Abnormal liver function","C25.7","Malignant neoplasm: Other parts of pancreas"
"18"," Abnormal liver function","C25.8","Malignant neoplasm: Overlapping lesion of pancreas"
"19"," Abnormal liver function","C25.9","Malignant neoplasm: Pancreas, unspecified"
"20"," Abnormal liver function","C78.7","Secondary malignant neoplasm of liver"
"21"," Abnormal liver function","D13.5","Benign neoplasm: Extrahepatic bile ducts"
"22"," Abnormal liver function","D37.6","Neoplasm of uncertain or unknown behaviour: Liver, gallbladder and bile ducts"
"23"," Abnormal liver function","K70.0","Alcoholic fatty liver"
"24"," Abnormal liver function","K70.1","Alcoholic hepatitis"
"25"," Abnormal liver function","K70.2","Alcoholic fibrosis and sclerosis of liver"
"26"," Abnormal liver function","K70.3","Alcoholic cirrhosis of liver"
"27"," Abnormal liver function","K70.4","Alcoholic hepatic failure"
"28"," Abnormal liver function","K70.9","Alcoholic liver disease, unspecified"
"29"," Abnormal liver function","K72.0","Acute and subacute hepatic failure"
"30"," Abnormal liver function","K72.1","Chronic hepatic failure"
"31"," Abnormal liver function","K72.9","Hepatic failure, unspecified"
"32"," Abnormal liver function","K73.0","Chronic persistent hepatitis, not elsewhere classified"
"33"," Abnormal liver function","K73.1","Chronic lobular hepatitis, not elsewhere classified"
"34"," Abnormal liver function","K73.2","Chronic active hepatitis, not elsewhere classified"
"35"," Abnormal liver function","K73.8","Other chronic hepatitis, not elsewhere classified"
"36"," Abnormal liver function","K73.9","Chronic hepatitis, unspecified"
"37"," Abnormal liver function","K74.0","Hepatic fibrosis"
"38"," Abnormal liver function","K74.1","Hepatic sclerosis"
"39"," Abnormal liver function","K74.2","Hepatic fibrosis with hepatic sclerosis"
"40"," Abnormal liver function","K74.3","Primary biliary cirrhosis"
"41"," Abnormal liver function","K74.4","Secondary biliary cirrhosis"
"42"," Abnormal liver function","K74.5","Biliary cirrhosis, unspecified"
"43"," Abnormal liver function","K74.6","Other and unspecified cirrhosis of liver"
"44"," Abnormal liver function","K75.2","Nonspecific reactive hepatitis"
"45"," Abnormal liver function","K75.3","Granulomatous hepatitis, not elsewhere classified"
"46"," Abnormal liver function","K75.4","Autoimmune hepatitis"
"47"," Abnormal liver function","K75.8","Other specified inflammatory liver diseases"
"48"," Abnormal liver function","K75.9","Inflammatory liver disease, unspecified"
"49"," Abnormal liver function","K76.0","Fatty (change of) liver, not elsewhere classified"
"50"," Abnormal liver function","K76.1","Chronic passive congestion of liver"
"51"," Abnormal liver function","K76.6","Portal hypertension"
"52"," Abnormal liver function","K76.8","Other specified diseases of liver"
"53"," Abnormal liver function","K76.9","Liver disease, unspecified"
"54"," Abnormal liver function","K80.0","Calculus of gallbladder with acute cholecystitis"
"55"," Abnormal liver function","K80.1","Calculus of gallbladder with other cholecystitis"
"56"," Abnormal liver function","K80.2","Calculus of gallbladder without cholecystitis"
"57"," Abnormal liver function","K80.3","Calculus of bile duct with cholangitis"
"58"," Abnormal liver function","K80.4","Calculus of bile duct with cholecystitis"
"59"," Abnormal liver function","K80.5","Calculus of bile duct without cholangitis or cholecystitis"
"60"," Abnormal liver function","K80.8","Other cholelithiasis"
"61"," Abnormal liver function","K81.0","Acute cholecystitis"
"62"," Abnormal liver function","K81.1","Chronic cholecystitis"
"63"," Abnormal liver function","K81.8","Other cholecystitis"
"64"," Abnormal liver function","K81.9","Cholecystitis, unspecified"
"65"," Abnormal liver function","K82.1","Hydrops of gallbladder"
"66"," Abnormal liver function","K82.2","Perforation of gallbladder"
"67"," Abnormal liver function","K82.3","Fistula of gallbladder"
"68"," Abnormal liver function","K82.4","Cholesterolosis of gallbladder"
"69"," Abnormal liver function","K82.8","Other specified diseases of gallbladder"
"70"," Abnormal liver function","K82.9","Disease of gallbladder, unspecified"
"71"," Abnormal liver function","K83.1","Obstruction of bile duct"
"71"," Abnormal liver function","K83.4","Spasm of sphincter of Oddi"
"72"," Abnormal liver function","K83.8","Other specified diseases of biliary tract"
"73"," Abnormal liver function","K83.9","Disease of biliary tract, unspecified"
"74"," Abnormal liver function","K86.0","Alcohol-induced chronic pancreatitis"
"75"," Abnormal liver function","K86.1","Other chronic pancreatitis"
"76"," Abnormal liver function","K86.2","Cyst of pancreas"
"77"," Abnormal liver function","K86.3","Pseudocyst of pancreas"
"78"," Abnormal liver function","K86.8","Other specified diseases of pancreas"
"79"," Abnormal liver function","K86.9","Disease of pancreas, unspecified"
"80"," Abnormal liver function","K87.0","Disease of pancreas, unspecified"
"81"," Abnormal liver function","K91.5","Postcholecystectomy syndrome"
"82"," Abnormal liver function","R16.0","Hepatomegaly, not elsewhere classified"
"83"," Abnormal liver function","R16.1","Splenomegaly, not elsewhere classified"
"84"," Abnormal liver function","R16.2","Hepatomegaly with splenomegaly, not elsewhere classified"
"85"," Abnormal liver function","R94.5","Abnormal results of liver function studies"
"0"," Inflammatory bowel disease","K50.0","Crohn's disease of small intestine"
"1"," Inflammatory bowel disease","K50.1","Crohn's disease of large intestine"
"2"," Inflammatory bowel disease","K50.8","Other Crohn's disease"
"3"," Inflammatory bowel disease","K50.9","Crohn's disease, unspecified"
"4"," Inflammatory bowel disease","K51.0","Ulcerative (chronic) enterocolitis"
"5"," Inflammatory bowel disease","K51.2","Ulcerative (chronic) proctitis"
"6"," Inflammatory bowel disease","K51.3","Ulcerative (chronic) rectosigmoiditis"
"7"," Inflammatory bowel disease","K51.4","Pseudopolyposis of colon"
"8"," Inflammatory bowel disease","K51.5","Mucosal proctocolitis"
"9"," Inflammatory bowel disease","K51.9","Ulcerative colitis, unspecified"
"10"," Inflammatory bowel disease","K52.3","Allergic and dietetic gastroenteritis and colitis"
"0"," Anaemia","D46.0","Refractory anaemia without sideroblasts, so stated"
"1"," Anaemia","D46.1","Refractory anaemia with sideroblasts"
"2"," Anaemia","D46.2","Refractory anaemia with excess of blasts"
"3"," Anaemia","D46.4","Refractory anaemia, unspecified"
"4"," Anaemia","D46.7","Other myelodysplastic syndromes"
"5"," Anaemia","D46.9","Myelodysplastic syndrome, unspecified"
"6"," Anaemia","D50.0","Iron deficiency anaemia secondary to blood loss (chronic)"
"7"," Anaemia","D50.1","Sideropenic dysphagia"
"8"," Anaemia","D50.8","Other iron deficiency anaemias"
"9"," Anaemia","D50.9","Iron deficiency anaemia, unspecified"
"10"," Anaemia","D51.0","Vitamin B12 deficiency anaemia due to intrinsic factor deficiency"
"11"," Anaemia","D51.1","Vitamin B12 deficiency anaemia due to selective vitamin B12 malabsorption with proteinuria"
"12"," Anaemia","D51.2","Transcobalamin II deficiency"
"13"," Anaemia","D51.3","Other dietary vitamin B12 deficiency anaemia"
"14"," Anaemia","D51.8","Other vitaminB12 deficiency anaemias"
"15"," Anaemia","D51.9","Vitamin B12 deficiency anaemia, unspecified"
"16"," Anaemia","D52.0","Dietary folate deficiency anaemia"
"17"," Anaemia","D52.1","Drug-induced folate deficiency anaemia"
"18"," Anaemia","D52.8","Other folate deficiency anaemias"
"19"," Anaemia","D52.9","Folate deficiency anaemia, unspecified"
"20"," Anaemia","D53.1","Other megaloblastic anaemias, not elsewhere classified"
"21"," Anaemia","D57.1","Sickle-cell anaemia without crisis"
"22"," Anaemia","D58.0","Hereditary spherocytosis"
"23"," Anaemia","D58.1","Hereditary elliptocytosis"
"24"," Anaemia","D58.2","Other haemoglobinopathies"
"25"," Anaemia","D58.8","Other specified hereditary haemolytic anaemias"
"26"," Anaemia","D58.9","Hereditary haemolytic anaemia, unspecified"
"27"," Anaemia","D59.0","Drug-induced autoimmune haemolytic anaemia"
"28"," Anaemia","D59.1","Other autoimmune haemolytic anaemias"
"29"," Anaemia","D59.2","Drug-induced nonautoimmune haemolytic anaemia"
"30"," Anaemia","D59.4","Other nonautoimmune haemolytic anaemias"
"31"," Anaemia","D59.8","Other acquired haemolytic anaemias"
"32"," Anaemia","D59.9","Acquired haemolytic anaemia, unspecified"
"33"," Anaemia","D64.8","Other specified anaemias"
"34"," Anaemia","D64.9","Anaemia, unspecified"
"34"," Anaemia","D64.9","Anaemia, unspecified"
"35"," Anaemia","E16.1","Other hypoglycaemia"
"36"," Anaemia","E16.2","Hypoglycaemia, unspecified"
"0"," Cellulitis of limb","I89.1","Lymphangitis"
"1"," Cellulitis of limb","L01.0","Impetigo [any organism] [any site]"
"2"," Cellulitis of limb","L03.0","Cellulitis of finger and toe"
"3"," Cellulitis of limb","L03.1","Cellulitis of other parts of limb"
"4"," Cellulitis of limb","L03.2","Cellulitis of face"
"5"," Cellulitis of limb","L03.3","Cellulitis of trunk"
"6"," Cellulitis of limb","L03.8","Cellulitis of other sites"
"7"," Cellulitis of limb","L03.9","Cellulitis, unspecified"
"8"," Cellulitis of limb","L08.0","Pyoderma"
"9"," Cellulitis of limb","L08.8","Other specified local infections of skin and subcutaneous tissue"
"10"," Cellulitis of limb","L08.9","Local infection of skin and subcutaneous tissue, unspecified"
"0"," Diabetes","E10.0","Insulin-dependent diabetes mellitus; With coma"
"1"," Diabetes","E10.1","Insulin-dependent diabetes mellitus; With ketoacidosis"
"2"," Diabetes","E10.2","Insulin-dependent diabetes mellitus; With ketoacidosis"
"3"," Diabetes","E10.3","Insulin-dependent diabetes mellitus; With renal complications"
"4"," Diabetes","E10.4","Insulin-dependent diabetes mellitus; With ophthalmic complications"
"5"," Diabetes","E10.5","Insulin-dependent diabetes mellitus; With peripheral circulatory complications"
"6"," Diabetes","E10.6","Insulin-dependent diabetes mellitus; With other specified complications"
"7"," Diabetes","E10.7","Insulin-dependent diabetes mellitus; With multiple complications"
"8"," Diabetes","E10.8","Insulin-dependent diabetes mellitus; With unspecified complications"
"9"," Diabetes","E10.9","Insulin-dependent diabetes mellitus; Without complications"
"10"," Diabetes","E11.0","Non-insulin-dependent diabetes mellitus; With coma"
"11"," Diabetes","E11.1","Non-insulin-dependent diabetes mellitus; With ketoacidosis"
"12"," Diabetes","E11.2","Non-insulin-dependent diabetes mellitus; With ketoacidosis"
"13"," Diabetes","E11.3","Non-insulin-dependent diabetes mellitus; With renal complications"
"14"," Diabetes","E11.4","Non-insulin-dependent diabetes mellitus; With ophthalmic complications"
"15"," Diabetes","E11.5","Non-insulin-dependent diabetes mellitus; With peripheral circulatory complications"
"16"," Diabetes","E11.6","Non-insulin-dependent diabetes mellitus; With other specified complications"
"17"," Diabetes","E11.7","Non-insulin-dependent diabetes mellitus; With multiple complications"
"18"," Diabetes","E11.8","Non-insulin-dependent diabetes mellitus; With unspecified complications"
"19"," Diabetes","E11.9","Non-insulin-dependent diabetes mellitus; Without complications"
"20"," Diabetes","E13.2","Other specified diabetes mellitus; With ketoacidosis"
"21"," Diabetes","E13.3","Other specified diabetes mellitus; With renal complications"
"22"," Diabetes","E13.4","Other specified diabetes mellitus; With ophthalmic complications"
"23"," Diabetes","E13.5","Other specified diabetes mellitus; With peripheral circulatory complications"
"24"," Diabetes","E13.6","Other specified diabetes mellitus; With other specified complications"
"25"," Diabetes","E13.7","Other specified diabetes mellitus; With multiple complications"
"26"," Diabetes","E13.8","Other specified diabetes mellitus; With unspecified complications"
"27"," Diabetes","E13.9","Other specified diabetes mellitus; Without complications"
"28"," Diabetes","E14.2","Unspecified diabetes mellitus; With ketoacidosis"
"29"," Diabetes","E14.3","Unspecified diabetes mellitus; With renal complications"
"30"," Diabetes","E14.4","Unspecified diabetes mellitus; With ophthalmic complications"
"31"," Diabetes","E14.5","Unspecified diabetes mellitus; With peripheral circulatory complications"
"32"," Diabetes","E14.6","Unspecified diabetes mellitus; With other specified complications"
"33"," Diabetes","E14.7","Unspecified diabetes mellitus; With multiple complications"
"34"," Diabetes","E14.8","Unspecified diabetes mellitus; With unspecified complications"
"35"," Diabetes","E14.9","Unspecified diabetes mellitus; Without complications"
"36"," Diabetes","E16.0","Drug-induced hypoglycaemia without coma"
"37"," Diabetes","E16.1","Other hypoglycaemia"
"38"," Diabetes","E16.2","Hypoglycaemia, unspecified"
"0"," PEG related complications","T85.5","Mechanical complication of gastrointestinal prosthetic devices, implants and grafts"
"1"," PEG related complications","T85.8","Other complications of internal prosthetic devices, implants and grafts, not elsewhere classified"
"2"," PEG related complications","Z43.1","Attention to gastrostomy"
"1"," Acute admissions from care homes","T51.0","Toxic effect: Ethanol"
"1"," Acute admissions from care homes","T63.4","Toxic effect: Venom of other arthropods"
"2"," Acute admissions from care homes","T65.9","Toxic effect: Toxic effect of unspecified substance"
"3"," Acute admissions from care homes","T68.X","Hypothermia"
"4"," Acute admissions from care homes","T69.9","Effect of reduced temperature, unspecified"
"0"," Electrolyte disturbance","E22.2","Syndrome of inappropriate secretion of antidiuretic hormone"
"1"," Electrolyte disturbance","E61.2","Magnesium deficiency"
"2"," Electrolyte disturbance","E83.4","Disorders of magnesium metabolism"
"3"," Electrolyte disturbance","E83.5","Disorders of calcium metabolism"
"4"," Electrolyte disturbance","E86.X","Volume depletion"
"5"," Electrolyte disturbance","E87.0","Hyperosmolality and hypernatraemia"
"6"," Electrolyte disturbance","E87.1","Hypo-osmolality and hyponatraemia"
"7"," Electrolyte disturbance","E87.5","Hyperkalaemia"
"8"," Electrolyte disturbance","E87.6","Hypokalaemia"
"9"," Electrolyte disturbance","E87.7","Fluid overload"
"10"," Electrolyte disturbance","E87.8","Other disorders of electrolyte and fluid balance, not elsewhere classified"
"0"," Urinary tract infections","N11.0","Nonobstructive reflux-associated chronic pyelonephritis"
"1"," Urinary tract infections","N11.1","Chronic obstructive pyelonephritis"
"2"," Urinary tract infections","N11.8","Other chronic tubulo-interstitial nephritis"
"3"," Urinary tract infections","N11.9","Chronic tubulo-interstitial nephritis, unspecified"
"4"," Urinary tract infections","N13.6","Pyonephrosis"
"5"," Urinary tract infections","N30.0","Acute cystitis"
"6"," Urinary tract infections","N30.1","Interstitial cystitis (chronic)"
"7"," Urinary tract infections","N30.2","Other chronic cystitis"
"8"," Urinary tract infections","N30.3","Trigonitis"
"9"," Urinary tract infections","N30.4","Irradiation cystitis"
"10"," Urinary tract infections","N30.8","Other cystitis"
"11"," Urinary tract infections","N30.9","Cystitis, unspecified"
"12"," Urinary tract infections","N34.1","Nonspecific urethritis"
"13"," Urinary tract infections","N34.2","Other urethritis"
"14"," Urinary tract infections","N34.3","Urethral syndrome, unspecified"
"15"," Urinary tract infections","N39.0","Urinary tract infection, site not specified"
"0"," Ascites","R18.x","Ascites"
"0"," risk acute kidney injury","N17.8","Other acute renal failure"
"1"," risk acute kidney injury","N17.9","Acute renal failure, unspecified"
"2"," risk acute kidney injury","N99.0","Postprocedural renal failure"
"0","Pulmonary Embolism","I26.0","Pulmonary embolism with mention of acute cor pulmonale"
"1","Pulmonary Embolism","I26.9","Pulmonary embolism without mention of acute cor pulmonale"
"2","Pulmonary Embolism","R07.1","Chest pain on breathing"
"3","Pulmonary Embolism","R09.1","Pleurisy"
"0","Community-acquired pneumonia","J10.0","Influenza with pneumonia, influenza virus identified"
"1","Community-acquired pneumonia","J11.0","Influenza with pneumonia, virus not identified"
"2","Community-acquired pneumonia","J12.0","Adenoviral pneumonia"
"3","Community-acquired pneumonia","J12.1","Respiratory syncytial virus pneumonia"
"4","Community-acquired pneumonia","J12.2","Parainfluenza virus pneumonia"
"5","Community-acquired pneumonia","J12.3","Parainfluenza virus pneumonia"
"6","Community-acquired pneumonia","J12.8","Other viral pneumonia"
"7","Community-acquired pneumonia","J12.9","Viral pneumonia, unspecified"
"8","Community-acquired pneumonia","J13.X","Pneumonia due to Streptococcus pneumoniae"
"9","Community-acquired pneumonia","J14.X","Pneumonia due to Haemophilus influenzae"
"10","Community-acquired pneumonia","J15.3","Pneumonia due to streptococcus, group B"
"11","Community-acquired pneumonia","J15.4","Pneumonia due to other streptococci"
"12","Community-acquired pneumonia","J15.5","Pneumonia due to Escherichia coli"
"13","Community-acquired pneumonia","J15.6","Pneumonia due to other aerobic Gram-negative bacteria"
"14","Community-acquired pneumonia","J15.7","Pneumonia due to Mycoplasma pneumoniae"
"15","Community-acquired pneumonia","J15.8","Other bacterial pneumonia"
"16","Community-acquired pneumonia","J15.9","Bacterial pneumonia, unspecified"
"17","Community-acquired pneumonia","J16.0","Chlamydial pneumonia"
"18","Community-acquired pneumonia","J16.8","Pneumonia due to other specified infectious organisms"
"19","Community-acquired pneumonia","J17.0","Pneumonia due to other specified infectious organisms"
"20","Community-acquired pneumonia","J17.1","Pneumonia in bacterial diseases classified elsewhere"
"21","Community-acquired pneumonia","J17.8","Pneumonia in parasitic diseases"
"22","Community-acquired pneumonia","J18.0","Bronchopneumonia, unspecified"
"23","Community-acquired pneumonia","J18.1","Lobar pneumonia, unspecified"
"24","Community-acquired pneumonia","J18.8","Other pneumonia, organism unspecified"
"25","Community-acquired pneumonia","J18.9","Pneumonia, unspecified"
"0","Seizure in known epileptic","G25.3","Myoclonus"
"1","Seizure in known epileptic","G40.0","Localization-related (focal)(partial) idiopathic epilepsy and epileptic syndromes with seizures of localized onset"
"2","Seizure in known epileptic","G40.1","Localization-related (focal)(partial) symptomatic epilepsy and epileptic syndromes with simple partial seizures"
"3","Seizure in known epileptic","G40.2","Localization-related (focal)(partial) symptomatic epilepsy and epileptic syndromes with complex partial seizures"
"4","Seizure in known epileptic","G40.3","Generalized idiopathic epilepsy and epileptic syndromes"
"5","Seizure in known epileptic","G40.4","Other generalized epilepsy and epileptic syndromes"
"6","Seizure in known epileptic","G40.5","Special epileptic syndromes"
"7","Seizure in known epileptic","G40.6","Grand mal seizures, unspecified (with or without petit mal)"
"8","Seizure in known epileptic","G40.7","Petit mal, unspecified, without grand mal seizures"
"9","Seizure in known epileptic","G40.8","Other epilepsy"
"10","Seizure in known epileptic","G40.9","Epilepsy, unspecified"
"11","Seizure in known epileptic","R56.8","Other and unspecified convulsions"
"0","Hypoglycaemia","E16.0","Drug-induced hypoglycaemia without coma"
"1","Hypoglycaemia","E16.1","Other hypoglycaemia"
"2","Hypoglycaemia","E16.2","Hypoglycaemia, unspecified"
"0","Known oesophageal stenosis (either stented or unstented","C15.0","Malignant neoplasm: Cervical part of oesophagus"
"1","Known oesophageal stenosis (either stented or unstented","C15.1","Malignant neoplasm: Thoracic part of oesophagus"
"2","Known oesophageal stenosis (either stented or unstented","C15.2","Malignant neoplasm: Abdominal part of oesophagus"
"3","Known oesophageal stenosis (either stented or unstented","C15.3","Malignant neoplasm: Upper third of oesophagus"
"4","Known oesophageal stenosis (either stented or unstented","C15.4","Malignant neoplasm: Middle third of oesophagus"
"5","Known oesophageal stenosis (either stented or unstented","C15.5","Malignant neoplasm: Lower third of oesophagus"
"6","Known oesophageal stenosis (either stented or unstented","C15.8","Malignant neoplasm: Overlapping lesion of oesophagus"
"7","Known oesophageal stenosis (either stented or unstented","C15.9","Malignant neoplasm: Oesophagus, unspecified"
"8","Known oesophageal stenosis (either stented or unstented","K22.0","Achalasia of cardia"
"9","Known oesophageal stenosis (either stented or unstented","K22.2","Oesophageal obstruction"
"10","Known oesophageal stenosis (either stented or unstented","K22.4","Dyskinesia of oesophagus"
"11","Known oesophageal stenosis (either stented or unstented","K22.5","Diverticulum of oesophagus, acquired"
"12","Known oesophageal stenosis (either stented or unstented","K22.7","Gastro-oesophageal laceration-haemorrhage syndrome"
"13","Known oesophageal stenosis (either stented or unstented","K22.8","Other specified diseases of oesophagus"
"14","Known oesophageal stenosis (either stented or unstented","K22.9","Disease of oesophagus, unspecified"
"15","Known oesophageal stenosis (either stented or unstented","K23.8","Megaoesophagus in Chagas' disease"
"16","Known oesophageal stenosis (either stented or unstented","R12.X","Heartburn"
"17","Known oesophageal stenosis (either stented or unstented","R13.X","Dysphagia"
"18","Known oesophageal stenosis (either stented or unstented","T18.1","Foreign body in oesophagus"
"1","Falls including syncope or collaps","R26.8","Other and unspecified abnormalities of gait and mobility"
"2","Falls including syncope or collaps","R29.6","Clicking hip"
"3","Falls including syncope or collaps","R54.X","Senility"
"4","Falls including syncope or collaps","R55.X","Syncope and collapse"
"5","Falls including syncope or collaps","T67.1","Heat syncope"
"0","Acutely hot painful joint","M02.0","Arthropathy following intestinal bypass"
"1","Acutely hot painful joint","M02.1","Postdysenteric arthropathy"
"2","Acutely hot painful joint","M02.2","Postimmunization arthropathy"
"3","Acutely hot painful joint","M02.3","Reiter's disease"
"4","Acutely hot painful joint","M02.8","Other reactive arthropathies"
"5","Acutely hot painful joint","M02.9","Reactive arthropathy, unspecified"
"6","Acutely hot painful joint","M05.0","Felty's syndrome"
"7","Acutely hot painful joint","M05.8","Other seropositive rheumatoid arthritis"
"8","Acutely hot painful joint","M05.9","Seropositive rheumatoid arthritis, unspecified"
"9","Acutely hot painful joint","M06.0","Seronegative rheumatoid arthritis"
"10","Acutely hot painful joint","M06.1","Adult-onset Still's disease"
"11","Acutely hot painful joint","M06.2","Rheumatoid bursitis"
"12","Acutely hot painful joint","M06.3","Rheumatoid nodule"
"13","Acutely hot painful joint","M06.4","Inflammatory polyarthropathy"
"14","Acutely hot painful joint","M06.8","Other specified rheumatoid arthritis"
"15","Acutely hot painful joint","M06.9","Rheumatoid arthritis, unspecified"
"16","Acutely hot painful joint","M10.0","Idiopathic gout"
"17","Acutely hot painful joint","M10.2","Drug-induced gout"
"18","Acutely hot painful joint","M10.3","Gout due to impairment of renal function"
"19","Acutely hot painful joint","M10.4","Other secondary gout"
"20","Acutely hot painful joint","M10.9","Gout, unspecified"
"21","Acutely hot painful joint","M10.90","Gout, unspecified; Multiple sites"
"22","Acutely hot painful joint","M10.91","Gout, unspecified; Shoulder region"
"23","Acutely hot painful joint","M10.92","Gout, unspecified; Upper arm"
"24","Acutely hot painful joint","M10.93","Gout, unspecified; Forearm"
"25","Acutely hot painful joint","M10.94","Gout, unspecified; Hand"
"26","Acutely hot painful joint","M10.95","Gout, unspecified; Pelvic region and thigh"
"27","Acutely hot painful joint","M10.96","Gout, unspecified; Lower leg"
"28","Acutely hot painful joint","M10.97","Gout, unspecified; Ankle and foot"
"29","Acutely hot painful joint","M10.98","Gout, unspecified; Other"
"30","Acutely hot painful joint","M10.99","Gout, unspecified; Site unspecified"
"31","Acutely hot painful joint","M11.0","Hydroxyapatite deposition disease"
"32","Acutely hot painful joint","M11.9","Crystal arthropathy, unspecified"
"33","Acutely hot painful joint","M13.0","Polyarthritis, unspecified"
"34","Acutely hot painful joint","M13.9","Arthritis, unspecified"
"35","Acutely hot painful joint","M13.90","Arthritis, unspecified; Multiple sites"
"36","Acutely hot painful joint","M13.91","Arthritis, unspecified; Shoulder region"
"37","Acutely hot painful joint","M13.92","Arthritis, unspecified; Upper arm"
"38","Acutely hot painful joint","M13.93","Arthritis, unspecified; Forearm"
"39","Acutely hot painful joint","M13.94","Arthritis, unspecified; Hand"
"40","Acutely hot painful joint","M13.95","Arthritis, unspecified; Pelvic region and thigh"
"41","Acutely hot painful joint","M13.96","Arthritis, unspecified; Lower leg"
"42","Acutely hot painful joint","M13.97","Arthritis, unspecified; Ankle and foot"
"43","Acutely hot painful joint","M13.98","Arthritis, unspecified; Other"
"44","Acutely hot painful joint","M13.99","Arthritis, unspecified; Site unspecified"
"45","Acutely hot painful joint","M25.5","Pain in joint"
"46","Acutely hot painful joint","M25.50","Pain in joint; Multiple sites"
"47","Acutely hot painful joint","M25.51","Pain in joint; Shoulder region"
"48","Acutely hot painful joint","M25.52","Pain in joint; Upper arm"
"49","Acutely hot painful joint","M25.53","Pain in joint; Forearm"
"50","Acutely hot painful joint","M25.54","Pain in joint; Hand"
"51","Acutely hot painful joint","M25.56","Pain in joint; Lower leg"
"52","Acutely hot painful joint","M25.57","Pain in joint; Ankle and foot"
"53","Acutely hot painful joint","M25.58","Pain in joint; Other"
"54","Acutely hot painful joint","M25.59","Pain in joint; Site unspecified"
"55","Acutely hot painful joint","M25.6","Stiffness of joint, not elsewhere classified"
"56","Acutely hot painful joint","M25.9","Joint disorder, unspecified"
"57","Acutely hot painful joint","M66.0","Rupture of popliteal cyst"
"58","Acutely hot painful joint","M66.1","Rupture of synovium"
"59","Acutely hot painful joint","M67.3","Transient synovitis"
"60","Acutely hot painful joint","M71.2","Synovial cyst of popliteal space [Baker]"
"0","Appendicular fractures not requiring immediate internal fixation","S42.0","Fracture of clavicle"
"1","Appendicular fractures not requiring immediate internal fixation","S42.2","Fracture of upper end of humerus"
"2","Appendicular fractures not requiring immediate internal fixation","S42.3","Fracture of shaft of humerus"
"3","Appendicular fractures not requiring immediate internal fixation","S42.4","Fracture of lower end of humerus"
"4","Appendicular fractures not requiring immediate internal fixation","S42.8","Fracture of other parts of shoulder and upper arm"
"5","Appendicular fractures not requiring immediate internal fixation","S42.9","Fracture of shoulder girdle, part unspecified"
"6","Appendicular fractures not requiring immediate internal fixation","S43.0","Dislocation of shoulder joint"
"7","Appendicular fractures not requiring immediate internal fixation","S43.1","Dislocation of acromioclavicular joint"
"8","Appendicular fractures not requiring immediate internal fixation","S43.2","Dislocation of sternoclavicular joint"
"9","Appendicular fractures not requiring immediate internal fixation","S43.3","Dislocation of other and unspecified parts of shoulder girdle"
"10","Appendicular fractures not requiring immediate internal fixation","S52.0","Fracture of upper end of ulna"
"11","Appendicular fractures not requiring immediate internal fixation","S52.1","Fracture of upper end of radius"
"12","Appendicular fractures not requiring immediate internal fixation","S52.2","Fracture of shaft of ulna"
"13","Appendicular fractures not requiring immediate internal fixation","S52.3","Fracture of shaft of radius"
"14","Appendicular fractures not requiring immediate internal fixation","S52.4","Fracture of shafts of both ulna and radius"
"15","Appendicular fractures not requiring immediate internal fixation","S52.5","Fracture of lower end of radius"
"16","Appendicular fractures not requiring immediate internal fixation","S52.6","Fracture of lower end of both ulna and radius"
"17","Appendicular fractures not requiring immediate internal fixation","S52.7","Multiple fractures of forearm"
"18","Appendicular fractures not requiring immediate internal fixation","S52.8","Fracture of other parts of forearm"
"19","Appendicular fractures not requiring immediate internal fixation","S52.9","Fracture of forearm, part unspecified"
"20","Appendicular fractures not requiring immediate internal fixation","S53.0","Dislocation of radial head"
"21","Appendicular fractures not requiring immediate internal fixation","S53.1","Dislocation of elbow, unspecified"
"22","Appendicular fractures not requiring immediate internal fixation","S53.2","Traumatic rupture of radial collateral ligament"
"23","Appendicular fractures not requiring immediate internal fixation","S53.3","Traumatic rupture of ulnar collateral ligament"
"24","Appendicular fractures not requiring immediate internal fixation","S62.0","Fracture of navicular [scaphoid] bone of hand"
"25","Appendicular fractures not requiring immediate internal fixation","S62.1","Fracture of other carpal bone(s)"
"26","Appendicular fractures not requiring immediate internal fixation","S62.2","Fracture of first metacarpal bone"
"27","Appendicular fractures not requiring immediate internal fixation","S62.3","Fracture of other metacarpal bone"
"28","Appendicular fractures not requiring immediate internal fixation","S62.4","Multiple fractures of metacarpal bones"
"29","Appendicular fractures not requiring immediate internal fixation","S62.5","Fracture of thumb"
"30","Appendicular fractures not requiring immediate internal fixation","S62.6","Fracture of other finger"
"31","Appendicular fractures not requiring immediate internal fixation","S62.7","Multiple fractures of fingers"
"32","Appendicular fractures not requiring immediate internal fixation","S62.8","Fracture of other and unspecified parts of wrist and hand"
"33","Appendicular fractures not requiring immediate internal fixation","S63.0","Dislocation of wrist"
"34","Appendicular fractures not requiring immediate internal fixation","S63.2","Multiple dislocations of fingers"
"35","Appendicular fractures not requiring immediate internal fixation","S67.0","Crushing injury of thumb and other finger(s)"
"36","Appendicular fractures not requiring immediate internal fixation","S67.8","Crushing injury of other and unspecified parts of wrist and hand"
"37","Appendicular fractures not requiring immediate internal fixation","S72.4","Fracture of lower end of femur"
"38","Appendicular fractures not requiring immediate internal fixation","S82.0","Fracture of patella"
"39","Appendicular fractures not requiring immediate internal fixation","S82.1","Fracture of upper end of tibia"
"40","Appendicular fractures not requiring immediate internal fixation","S82.2","Fracture of shaft of tibia"
"41","Appendicular fractures not requiring immediate internal fixation","S82.3","Fracture of lower end of tibia"
"42","Appendicular fractures not requiring immediate internal fixation","S82.4","Fracture of fibula alone"
"43","Appendicular fractures not requiring immediate internal fixation","S82.5","Fracture of medial malleolus"
"44","Appendicular fractures not requiring immediate internal fixation","S82.6","Fracture of lateral malleolus"
"45","Appendicular fractures not requiring immediate internal fixation","S82.8","Fractures of other parts of lower leg"
"46","Appendicular fractures not requiring immediate internal fixation","S82.9","Fracture of lower leg, part unspecified"
"47","Appendicular fractures not requiring immediate internal fixation","S83.0","Dislocation of patella"
"48","Appendicular fractures not requiring immediate internal fixation","S83.1","Dislocation of knee"
"49","Appendicular fractures not requiring immediate internal fixation","S83.2","Tear of meniscus, current"
"50","Appendicular fractures not requiring immediate internal fixation","S83.3","Tear of articular cartilage of knee, current"
"51","Appendicular fractures not requiring immediate internal fixation","S92.0","Fracture of calcaneus"
"52","Appendicular fractures not requiring immediate internal fixation","S92.1","Fracture of talus"
"53","Appendicular fractures not requiring immediate internal fixation","S92.2","Fracture of other tarsal bone(s)"
"54","Appendicular fractures not requiring immediate internal fixation","S92.3","Fracture of metatarsal bone"
"55","Appendicular fractures not requiring immediate internal fixation","S92.4","Fracture of great toe"
"56","Appendicular fractures not requiring immediate internal fixation","S92.5","Fracture of other toe"
"57","Appendicular fractures not requiring immediate internal fixation","S92.7","Multiple fractures of foot"
"58","Appendicular fractures not requiring immediate internal fixation","S92.9","Fracture of foot, unspecified"
"59","Appendicular fractures not requiring immediate internal fixation","S92.90","Fracture of foot, unspecified; closed"
"60","Appendicular fractures not requiring immediate internal fixation","S93.0","Dislocation of ankle joint"
"61","Appendicular fractures not requiring immediate internal fixation","S93.1","Dislocation of toe(s)"
"62","Appendicular fractures not requiring immediate internal fixation","S97.1","Crushing injury of toe(s)"
"0","Non-traumatic vertebral fractures","M80.0","Postmenopausal osteoporosis with pathological fracture"
"1","Non-traumatic vertebral fractures","M80.08","Postmenopausal osteoporosis with pathological fracture; Other"
"2","Non-traumatic vertebral fractures","M80.09","Postmenopausal osteoporosis with pathological fracture; Site unspecified"
"3","Non-traumatic vertebral fractures","M80.1","Postoophorectomy osteoporosis with pathological fracture"
"4","Non-traumatic vertebral fractures","M80.2","Osteoporosis of disuse with pathological fracture"
"5","Non-traumatic vertebral fractures","M80.3","Postsurgical malabsorption osteoporosis with pathological fracture"
"6","Non-traumatic vertebral fractures","M80.4","Drug-induced osteoporosis with pathological fracture"
"7","Non-traumatic vertebral fractures","M80.5","Idiopathic osteoporosis with pathological fracture"
"8","Non-traumatic vertebral fractures","M80.58","Idiopathic osteoporosis with pathological fracture; Other"
"9","Non-traumatic vertebral fractures","M80.59","Idiopathic osteoporosis with pathological fracture; Site unspecified"
"10","Non-traumatic vertebral fractures","M80.8","Other osteoporosis with pathological fracture"
"11","Non-traumatic vertebral fractures","M80.88","Other osteoporosis with pathological fracture; Other"
"12","Non-traumatic vertebral fractures","M80.89","Other osteoporosis with pathological fracture; Site unspecified"
"13","Non-traumatic vertebral fractures","M80.9","Unspecified osteoporosis with pathological fracture"
"14","Non-traumatic vertebral fractures","M80.98","Unspecified osteoporosis with pathological fracture; Other"
"15","Non-traumatic vertebral fractures","M80.99","Unspecified osteoporosis with pathological fracture; Site unspecified"
"16","Non-traumatic vertebral fractures","M84.3","Stress fracture, not elsewhere classified"
"17","Non-traumatic vertebral fractures","M84.4","Pathological fracture, not elsewhere classified"
"0","Low risk pubic rami fractures","S32.5","Fracture of pubis"
"1","Low risk pubic rami fractures","S32.50","Fracture of pubis; closed"
"0","Hip pain secondary to a fall and non-weight bearing","M25.55","Pain in joint; Pelvic region and thigh"
"1","Hip pain secondary to a fall and non-weight bearing","S76.0","Injury of muscle and tendon of hip"
"0","Lower gastro-intestinal haemorrhage","K62.5","Haemorrhage of anus and rectum"
"1","Lower gastro-intestinal haemorrhage","K92.2","Gastrointestinal haemorrhage, unspecified"
"0","Obstructive jaundice","C23.X","Malignant neoplasm of gallbladder"
"1","Obstructive jaundice","C24.0","Malignant neoplasm: Extrahepatic bile duct"
"2","Obstructive jaundice","C24.1","Malignant neoplasm: Ampulla of Vater"
"3","Obstructive jaundice","C24.8","Malignant neoplasm: Overlapping lesion of biliary tract"
"4","Obstructive jaundice","C24.9","Malignant neoplasm: Biliary tract, unspecified"
"5","Obstructive jaundice","C25.0","Malignant neoplasm: Head of pancreas"
"6","Obstructive jaundice","C25.1","Malignant neoplasm: Body of pancreas"
"7","Obstructive jaundice","C25.3","Malignant neoplasm: Pancreatic duct"
"8","Obstructive jaundice","C25.9","Malignant neoplasm: Pancreas, unspecified"
"9","Obstructive jaundice","D13.5","Benign neoplasm: Extrahepatic bile ducts"
"10","Obstructive jaundice","D37.6","Neoplasm of uncertain or unknown behaviour: Liver, gallbladder and bile ducts"
"11","Obstructive jaundice","K80.5","Calculus of bile duct without cholangitis or cholecystitis"
"12","Obstructive jaundice","K82.1","Hydrops of gallbladder"
"13","Obstructive jaundice","K82.2","Perforation of gallbladder"
"14","Obstructive jaundice","K82.3","Fistula of gallbladder"
"15","Obstructive jaundice","K82.4","Cholesterolosis of gallbladder"
"16","Obstructive jaundice","K82.8","Other specified diseases of gallbladder"
"17","Obstructive jaundice","K82.9","Disease of gallbladder, unspecified"
"18","Obstructive jaundice","K83.1","Obstruction of bile duct"
"19","Obstructive jaundice","K83.9","Disease of biliary tract, unspecified"
"20","Obstructive jaundice","K87.0","Disease of pancreas, unspecified"
"21","Obstructive jaundice","R17.X","Unspecified jaundice"
"0","Acute abdominal pain not requiring operative intervention","I88.0","Nonspecific mesenteric lymphadenitis"
"1","Acute abdominal pain not requiring operative intervention","K25.5","Gastric ulcer; Chronic or unspecified with perforation"
"2","Acute abdominal pain not requiring operative intervention","K29.7","Gastritis, unspecified"
"3","Acute abdominal pain not requiring operative intervention","K56.3","Gallstone ileus"
"4","Acute abdominal pain not requiring operative intervention","K56.4","Other impaction of intestine"
"5","Acute abdominal pain not requiring operative intervention","K56.4","Other impaction of intestine"
"6","Acute abdominal pain not requiring operative intervention","K56.6","Other and unspecified intestinal obstruction"
"7","Acute abdominal pain not requiring operative intervention","K59.0","Constipation"
"8","Acute abdominal pain not requiring operative intervention","K59.1","Functional diarrhoea"
"9","Acute abdominal pain not requiring operative intervention","K59.8","Other specified functional intestinal disorders"
"10","Acute abdominal pain not requiring operative intervention","K59.9","Functional intestinal disorder, unspecified"
"11","Acute abdominal pain not requiring operative intervention","K91.3","Postoperative intestinal obstruction"
"12","Acute abdominal pain not requiring operative intervention","N83.2","Other and unspecified ovarian cysts"
"13","Acute abdominal pain not requiring operative intervention","N94.0","Mittelschmerz"
"14","Acute abdominal pain not requiring operative intervention","R10.1","Pain localized to upper abdomen"
"15","Acute abdominal pain not requiring operative intervention","R10.2","Pelvic and perineal pain"
"16","Acute abdominal pain not requiring operative intervention","R10.3","Pain localized to other parts of lower abdomen"
"17","Acute abdominal pain not requiring operative intervention","R10.4","Other and unspecified abdominal pain"
"18","Acute abdominal pain not requiring operative intervention","R11.X","Nausea and vomiting"
"19","Acute abdominal pain not requiring operative intervention","R19.0","Intra-abdominal and pelvic swelling, mass and lump"
"20","Acute abdominal pain not requiring operative intervention","R19.1","Abnormal bowel sounds"
"21","Acute abdominal pain not requiring operative intervention","R19.4","Change in bowel habit"
"22","Acute abdominal pain not requiring operative intervention","R19.5","Other faecal abnormalities"
"23","Acute abdominal pain not requiring operative intervention","R19.8","Other specified symptoms and signs involving the digestive system and abdomen"
"0","Cutaneous abscesses requiring surgical drainage","K61.0","Anal abscess"
"1","Cutaneous abscesses requiring surgical drainage","K61.2","Anorectal abscess"
"2","Cutaneous abscesses requiring surgical drainage","K61.3","Ischiorectal abscess"
"3","Cutaneous abscesses requiring surgical drainage","K61.4","Intrasphincteric abscess"
"4","Cutaneous abscesses requiring surgical drainage","K62.0","Anal polyp"
"5","Cutaneous abscesses requiring surgical drainage","L02.0","Cutaneous abscess, furuncle and carbuncle of face"
"6","Cutaneous abscesses requiring surgical drainage","L02.1","Cutaneous abscess, furuncle and carbuncle of neck"
"7","Cutaneous abscesses requiring surgical drainage","L02.2","Cutaneous abscess, furuncle and carbuncle of trunk"
"8","Cutaneous abscesses requiring surgical drainage","L02.3","Cutaneous abscess, furuncle and carbuncle of buttock"
"9","Cutaneous abscesses requiring surgical drainage","L02.4","Cutaneous abscess, furuncle and carbuncle of limb"
"10","Cutaneous abscesses requiring surgical drainage","L02.8","Cutaneous abscess, furuncle and carbuncle of other sites"
"11","Cutaneous abscesses requiring surgical drainage","L02.9","Cutaneous abscess, furuncle and carbuncle, unspecified"
"12","Cutaneous abscesses requiring surgical drainage","L05.0","Pilonidal cyst with abscess"
"13","Cutaneous abscesses requiring surgical drainage","L05.9","Pilonidal cyst without abscess"
"14","Cutaneous abscesses requiring surgical drainage","L72.0","Epidermal cyst"
"15","Cutaneous abscesses requiring surgical drainage","L72.1","Trichilemmal cyst"
"16","Cutaneous abscesses requiring surgical drainage","N61.X","Inflammatory disorders of breast"
"0","Minor head injury","S06.0","Concussion"
"1","Minor head injury","S09.8","Other specified injuries of head"
"2","Minor head injury","S09.9","Unspecified injury of head"
"0","Right upper quadrant pain","K56.3","Gallstone ileus"
"1","Right upper quadrant pain","K82.0","Obstruction of gallbladder"
"2","Right upper quadrant pain","K83.0","Cholangitis"
"3","Right upper quadrant pain","K80.0","Calculus of gallbladder with acute cholecystitis"
"4","Right upper quadrant pain","K80.1","Calculus of gallbladder with other cholecystitis"
"5","Right upper quadrant pain","K80.2","Calculus of gallbladder without cholecystitis"
"6","Right upper quadrant pain","K80.3","Calculus of bile duct with cholangitis"
"7","Right upper quadrant pain","K80.4","Calculus of bile duct with cholecystitis"
"8","Right upper quadrant pain","K80.8","Other cholelithiasis"
"9","Right upper quadrant pain","K81.0","Acute cholecystitis"
"10","Right upper quadrant pain","K81.1","Chronic cholecystitis"
"11","Right upper quadrant pain","K81.8","Other cholecystitis"
"12","Right upper quadrant pain","K81.9","Cholecystitis, unspecified"
"13","Right upper quadrant pain","K83.1","Obstruction of bile duct"
"14","Right upper quadrant pain","K83.9","Disease of biliary tract, unspecified"
"15","Right upper quadrant pain","K82.4","Cholesterolosis of gallbladder"
"16","Right upper quadrant pain","K82.8","Other specified diseases of gallbladder"
"17","Right upper quadrant pain","K82.9","Disease of gallbladder, unspecified"
"18","Right upper quadrant pain","K83.8","Other specified diseases of biliary tract"
"19","Right upper quadrant pain","K87.0","Disease of pancreas, unspecified"
"0","Painful non-obstructed hernia","K40.2","Bilateral inguinal hernia, without obstruction or gangrene"
"1","Painful non-obstructed hernia","K40.9","Unilateral or unspecified inguinal hernia, without obstruction or gangrene"
"2","Painful non-obstructed hernia","K41.2","Bilateral femoral hernia, without obstruction or gangrene"
"3","Painful non-obstructed hernia","K41.9","Unilateral or unspecified femoral hernia, without obstruction or gangrene"
"4","Painful non-obstructed hernia","K42.9","Umbilical hernia without obstruction or gangrene"
"5","Painful non-obstructed hernia","K43.2","Ventral hernia with gangrene"
"6","Painful non-obstructed hernia","K43.5","Ventral hernia with gangrene"
"7","Painful non-obstructed hernia","K43.9","Ventral hernia without obstruction or gangrene"
"8","Painful non-obstructed hernia","K45.8","Other specified abdominal hernia without obstruction or gangrene"
"9","Painful non-obstructed hernia","K46.9","Unspecified abdominal hernia without obstruction or gangrene"
"0","Haemorrhoids","K64.0","Disease of intestine, unspecified"
"1","Haemorrhoids","K64.1","Disease of intestine, unspecified"
"2","Haemorrhoids","K64.2","Disease of intestine, unspecified"
"3","Haemorrhoids","K64.3","Disease of intestine, unspecified"
"4","Haemorrhoids","K64.8","Disease of intestine, unspecified"
"5","Haemorrhoids","K64.9","Disease of intestine, unspecified"
"6","Haemorrhoids","O22.4","Haemorrhoids in pregnancy"
"7","Haemorrhoids","O87.2","Haemorrhoids in the puerperium"
"0","Right iliac fossa pain","K35.3","Acute appendicitis with peritoneal abscess"
"1","Right iliac fossa pain","K35.8","Acute appendicitis with peritoneal abscess"
"2","Right iliac fossa pain","K37.X","Unspecified appendicitis"
"3","Right iliac fossa pain","K50.0","Crohn's disease of small intestine"
"0","Left iliac fossa pain","K56.2","Volvulus"
"1","Left iliac fossa pain","K57.1","Diverticular disease of small intestine without perforation or abscess"
"2","Left iliac fossa pain","K57.3","Diverticular disease of large intestine without perforation or abscess"
"3","Left iliac fossa pain","K57.5","Diverticular disease of both small and large intestine without perforation or abscess"
"4","Left iliac fossa pain","K57.9","Diverticular disease of intestine, part unspecified, without perforation or abscess"
"5","Left iliac fossa pain","N73.9","Female pelvic inflammatory disease, unspecified"
"0","Other anorectal issues","K59.4","Anal spasm"
"1","Other anorectal issues","K60.0","Acute anal fissure"
"2","Other anorectal issues","K60.1","Chronic anal fissure"
"3","Other anorectal issues","K60.2","Anal fissure, unspecified"
"4","Other anorectal issues","K60.3","Anal fistula"
"5","Other anorectal issues","K60.5","Anorectal fistula"
"6","Other anorectal issues","T18.5","Foreign body in anus and rectum"
"0","Acute painful bladder outflow obstruction","N39.3","Stress incontinence"
"1","Acute painful bladder outflow obstruction","N39.4","Other specified urinary incontinence"
"2","Acute painful bladder outflow obstruction","R32.X","Unspecified urinary incontinence"
"3","Acute painful bladder outflow obstruction","R33.X","Retention of urine"
"4","Acute painful bladder outflow obstruction","R39.1","Other difficulties with micturition"
"5","Acute painful bladder outflow obstruction","N32.0","Bladder-neck obstruction"
"6","Acute painful bladder outflow obstruction","N40.X","Hyperplasia of prostate"
"7","Acute painful bladder outflow obstruction","N42.8","Other specified disorders of prostate"
"8","Acute painful bladder outflow obstruction","N42.9","Disorder of prostate, unspecified"
"0","Renal/ureteric stones","N20.0","Calculus of kidney"
"1","Renal/ureteric stones","N20.1","Calculus of ureter"
"2","Renal/ureteric stones","N20.2","Calculus of kidney with calculus of ureter"
"3","Renal/ureteric stones","N20.9","Urinary calculus, unspecified"
"4","Renal/ureteric stones","N21.0","Calculus in bladder"
"5","Renal/ureteric stones","N21.1","Calculus in urethra"
"6","Renal/ureteric stones","N21.8","Other lower urinary tract calculus"
"7","Renal/ureteric stones","N21.9","Calculus of lower urinary tract, unspecified"
"8","Renal/ureteric stones","N23.X","Unspecified renal colic"
"0","Gross haematuria","R30.0","Dysuria"
"1","Gross haematuria","R30.9","Painful micturition, unspecified"
"2","Gross haematuria","R31.X","Unspecified haematuria"
"0","Chronic indwelling catheter related problems","T83.0","Mechanical complication of urinary (indwelling) catheter"
"1","Chronic indwelling catheter related problems","T83.1","Mechanical complication of other urinary devices and implants"
"2","Chronic indwelling catheter related problems","T83.5","Infection and inflammatory reaction due to prosthetic device, implant and graft in urinary system"
"3","Chronic indwelling catheter related problems","T83.6","Infection and inflammatory reaction due to prosthetic device, implant and graft in genital tract"
"4","Chronic indwelling catheter related problems","T83.8","Other complications of genitourinary prosthetic devices, implants and grafts"
"5","Chronic indwelling catheter related problems","T83.9","Unspecified complication of genitourinary prosthetic device, implant and graft"
"0","Acute scrotal pain","N43.0","Encysted hydrocele"
"1","Acute scrotal pain","N43.1","Infected hydrocele"
"2","Acute scrotal pain","N43.2","Other hydrocele"
"3","Acute scrotal pain","N43.3","Hydrocele, unspecified"
"4","Acute scrotal pain","N43.4","Spermatocele"
"5","Acute scrotal pain","N44.X","Torsion of testis"
"6","Acute scrotal pain","N45.0","Orchitis, epididymitis and epididymo-orchitis with abscess"
"7","Acute scrotal pain","N45.9","Orchitis, epididymitis and epididymo-orchitis without abscess"
"8","Acute scrotal pain","N49.0","Inflammatory disorders of seminal vesicle"
"9","Acute scrotal pain","N49.1","Inflammatory disorders of spermatic cord, tunica vaginalis and vas deferens"
"10","Acute scrotal pain","N49.2","Inflammatory disorders of scrotum"
"11","Acute scrotal pain","N49.8","Inflammatory disorders of other specified male genital organs"
"12","Acute scrotal pain","N49.9","Inflammatory disorder of unspecified male genital organ"
"13","Acute scrotal pain","N50.8","Other specified disorders of male genital organs"
"0","Early pregnancy bleeding","O02.0","Blighted ovum and nonhydatidiform mole"
"1","Early pregnancy bleeding","O02.1","Missed abortion"
"2","Early pregnancy bleeding","O02.8","Other specified abnormal products of conception"
"3","Early pregnancy bleeding","O02.9","Abnormal product of conception, unspecified"
"4","Early pregnancy bleeding","O03.1","Spontaneous abortion; Incomplete, complicated by delayed or excessive haemorrhage"
"5","Early pregnancy bleeding","O03.2","Spontaneous abortion; Incomplete, complicated by embolism"
"6","Early pregnancy bleeding","O03.3","Spontaneous abortion; Incomplete, with other and unspecified complications"
"7","Early pregnancy bleeding","O03.4","Spontaneous abortion; Incomplete, without complication"
"8","Early pregnancy bleeding","O03.5","Spontaneous abortion; Complete or unspecified, complicated by genital tract and pelvic infection"
"9","Early pregnancy bleeding","O03.6","Spontaneous abortion; Complete or unspecified, complicated by delayed or excessive haemorrhage"
"10","Early pregnancy bleeding","O03.7","Spontaneous abortion; Complete or unspecified, complicated by embolism"
"11","Early pregnancy bleeding","O03.8","Spontaneous abortion; Complete or unspecified, with other and unspecified complications"
"12","Early pregnancy bleeding","O03.9","Spontaneous abortion; Complete or unspecified, without complication"
"13","Early pregnancy bleeding","O05.4","Other abortion; Incomplete, without complication"
"14","Early pregnancy bleeding","O05.9","Other abortion; Complete or unspecified, without complication"
"15","Early pregnancy bleeding","O06.4","Unspecified abortion; Incomplete, without complication"
"16","Early pregnancy bleeding","O06.9","Unspecified abortion; Complete or unspecified, without complication"
"17","Early pregnancy bleeding","O20.0","Threatened abortion"
"18","Early pregnancy bleeding","O20.8","Other haemorrhage in early pregnancy"
"19","Early pregnancy bleeding","O20.9","Haemorrhage in early pregnancy, unspecified"
"0","Hyperemesis gravidarum","O21.0","Mild hyperemesis gravidarum"
"1","Hyperemesis gravidarum","O21.1","Hyperemesis gravidarum with metabolic disturbance"
"2","Hyperemesis gravidarum","O21.2","Late vomiting of pregnancy"
"3","Hyperemesis gravidarum","O21.8","Other vomiting complicating pregnancy"
"4","Hyperemesis gravidarum","O21.9","Vomiting of pregnancy, unspecified"
"0","Diseases of Bartholins gland","N75.0","Cyst of Bartholin's gland"
"1","Diseases of Bartholins gland","N75.1","Abscess of Bartholin's gland"
"2","Diseases of Bartholins gland","N75.8","Other diseases of Bartholin's gland"
"3","Diseases of Bartholins gland","N75.9","Disease of Bartholin's gland, unspecified"
